Antibiotic_1,Antibiotic_2,similarity score
furazolidone,nitrofurantoin,0.1
furazolidone,metronidazole,0.77
furazolidone,trimethoprim,0.11
furazolidone,sulfisoxazole,0.18
furazolidone,sulfamethoxazole,0.24
furazolidone,sulfadoxine,0.16
furazolidone,sulfadiazine,0.16
furazolidone,sulfacetamide,0.33
furazolidone,norfloxacin,0.14
furazolidone,ciprofloxacin,0.21
furazolidone,chloramphenicol,0.28
furazolidone,minocycline,0.44
furazolidone,tetracycline,0.4
furazolidone,doxycycline,0.39
furazolidone,streptomycin,0.28
furazolidone,gentamicin,0.26
furazolidone,tobramycin,0.25
furazolidone,kanamycin,0.25
furazolidone,amikacin,0.27
furazolidone,vancomycin,0.51
furazolidone,teicoplanin,0.53
furazolidone,lincomycin,0.54
furazolidone,clindamycin,0.55
furazolidone,erythromycin,0.59
furazolidone,azithromycin,0.47
furazolidone,imipenem,0.19
furazolidone,meropenem,0.22
furazolidone,cefoxitin,0.28
furazolidone,cefmetazole,0.26
furazolidone,aztreonam,0.38
furazolidone,latamoxef,0.22
furazolidone,clavulanate,0.25
furazolidone,sulbactam,0.3
furazolidone,tazobactam,0.2
furazolidone,cefradine,0.28
furazolidone,cefazolin,0.25
furazolidone,cefadroxil,0.28
furazolidone,cefaclor,0.32
furazolidone,ceftriaxone,0.2
furazolidone,cefoperazone,0.29
furazolidone,cefepime,0.2
furazolidone,benzylpenicillin,0.41
furazolidone,phenoxymethylpenicillin,0.41
furazolidone,meticillin,0.3
furazolidone,dicloxacillin,0.31
furazolidone,oxacillin,0.58
furazolidone,ampicillin,0.2
furazolidone,amoxicillin,0.22
furazolidone,carbenicillin,0.26
furazolidone,piperacillin,0.19
furazolidone,amdinocillin,0.17
nitrofurantoin,metronidazole,0.84
nitrofurantoin,trimethoprim,0.14
nitrofurantoin,sulfisoxazole,0.23
nitrofurantoin,sulfamethoxazole,0.31
nitrofurantoin,sulfadoxine,0.25
nitrofurantoin,sulfadiazine,0.22
nitrofurantoin,sulfacetamide,0.32
nitrofurantoin,norfloxacin,0.2
nitrofurantoin,ciprofloxacin,0.25
nitrofurantoin,chloramphenicol,0.32
nitrofurantoin,minocycline,0.47
nitrofurantoin,tetracycline,0.45
nitrofurantoin,doxycycline,0.44
nitrofurantoin,streptomycin,0.3
nitrofurantoin,gentamicin,0.3
nitrofurantoin,tobramycin,0.33
nitrofurantoin,kanamycin,0.2
nitrofurantoin,amikacin,0.28
nitrofurantoin,vancomycin,0.49
nitrofurantoin,teicoplanin,0.52
nitrofurantoin,lincomycin,0.63
nitrofurantoin,clindamycin,0.64
nitrofurantoin,erythromycin,0.6
nitrofurantoin,azithromycin,0.53
nitrofurantoin,imipenem,0.21
nitrofurantoin,meropenem,0.28
nitrofurantoin,cefoxitin,0.28
nitrofurantoin,cefmetazole,0.24
nitrofurantoin,aztreonam,0.36
nitrofurantoin,latamoxef,0.22
nitrofurantoin,clavulanate,0.28
nitrofurantoin,sulbactam,0.32
nitrofurantoin,tazobactam,0.21
nitrofurantoin,cefradine,0.34
nitrofurantoin,cefazolin,0.26
nitrofurantoin,cefadroxil,0.31
nitrofurantoin,cefaclor,0.36
nitrofurantoin,ceftriaxone,0.23
nitrofurantoin,cefoperazone,0.34
nitrofurantoin,cefepime,0.24
nitrofurantoin,benzylpenicillin,0.37
nitrofurantoin,phenoxymethylpenicillin,0.38
nitrofurantoin,meticillin,0.34
nitrofurantoin,dicloxacillin,0.36
nitrofurantoin,oxacillin,0.63
nitrofurantoin,ampicillin,0.24
nitrofurantoin,amoxicillin,0.23
nitrofurantoin,carbenicillin,0.34
nitrofurantoin,piperacillin,0.23
nitrofurantoin,amdinocillin,0.19
metronidazole,trimethoprim,0.82
metronidazole,sulfisoxazole,0.92
metronidazole,sulfamethoxazole,0.92
metronidazole,sulfadoxine,0.85
metronidazole,sulfadiazine,0.86
metronidazole,sulfacetamide,0.98
metronidazole,norfloxacin,0.91
metronidazole,ciprofloxacin,0.89
metronidazole,chloramphenicol,0.78
metronidazole,minocycline,0.87
metronidazole,tetracycline,0.8
metronidazole,doxycycline,0.88
metronidazole,streptomycin,0.99
metronidazole,gentamicin,0.95
metronidazole,tobramycin,0.93
metronidazole,kanamycin,0.97
metronidazole,amikacin,0.94
metronidazole,vancomycin,0.8
metronidazole,teicoplanin,0.8
metronidazole,lincomycin,0.52
metronidazole,clindamycin,0.51
metronidazole,erythromycin,0.91
metronidazole,azithromycin,0.81
metronidazole,imipenem,0.57
metronidazole,meropenem,0.59
metronidazole,cefoxitin,0.53
metronidazole,cefmetazole,0.72
metronidazole,aztreonam,0.9
metronidazole,latamoxef,0.58
metronidazole,clavulanate,0.61
metronidazole,sulbactam,0.68
metronidazole,tazobactam,0.95
metronidazole,cefradine,0.86
metronidazole,cefazolin,0.78
metronidazole,cefadroxil,0.97
metronidazole,cefaclor,0.97
metronidazole,ceftriaxone,0.91
metronidazole,cefoperazone,0.81
metronidazole,cefepime,0.8
metronidazole,benzylpenicillin,0.73
metronidazole,phenoxymethylpenicillin,0.71
metronidazole,meticillin,0.78
metronidazole,dicloxacillin,0.82
metronidazole,oxacillin,1
metronidazole,ampicillin,0.87
metronidazole,amoxicillin,0.87
metronidazole,carbenicillin,0.64
metronidazole,piperacillin,0.65
metronidazole,amdinocillin,1
trimethoprim,sulfisoxazole,0.08
trimethoprim,sulfamethoxazole,0.14
trimethoprim,sulfadoxine,0.11
trimethoprim,sulfadiazine,0.08
trimethoprim,sulfacetamide,0.26
trimethoprim,norfloxacin,0.16
trimethoprim,ciprofloxacin,0.22
trimethoprim,chloramphenicol,0.22
trimethoprim,minocycline,0.37
trimethoprim,tetracycline,0.37
trimethoprim,doxycycline,0.34
trimethoprim,streptomycin,0.14
trimethoprim,gentamicin,0.18
trimethoprim,tobramycin,0.22
trimethoprim,kanamycin,0.14
trimethoprim,amikacin,0.2
trimethoprim,vancomycin,0.57
trimethoprim,teicoplanin,0.59
trimethoprim,lincomycin,0.54
trimethoprim,clindamycin,0.55
trimethoprim,erythromycin,0.48
trimethoprim,azithromycin,0.42
trimethoprim,imipenem,0.16
trimethoprim,meropenem,0.2
trimethoprim,cefoxitin,0.19
trimethoprim,cefmetazole,0.19
trimethoprim,aztreonam,0.27
trimethoprim,latamoxef,0.14
trimethoprim,clavulanate,0.21
trimethoprim,sulbactam,0.21
trimethoprim,tazobactam,0.17
trimethoprim,cefradine,0.25
trimethoprim,cefazolin,0.17
trimethoprim,cefadroxil,0.22
trimethoprim,cefaclor,0.21
trimethoprim,ceftriaxone,0.11
trimethoprim,cefoperazone,0.18
trimethoprim,cefepime,0.15
trimethoprim,benzylpenicillin,0.34
trimethoprim,phenoxymethylpenicillin,0.33
trimethoprim,meticillin,0.27
trimethoprim,dicloxacillin,0.27
trimethoprim,oxacillin,0.55
trimethoprim,ampicillin,0.12
trimethoprim,amoxicillin,0.12
trimethoprim,carbenicillin,0.16
trimethoprim,piperacillin,0.15
trimethoprim,amdinocillin,0.14
sulfisoxazole,sulfamethoxazole,0.06
sulfisoxazole,sulfadoxine,0.05
sulfisoxazole,sulfadiazine,0.01
sulfisoxazole,sulfacetamide,0.16
sulfisoxazole,norfloxacin,0.12
sulfisoxazole,ciprofloxacin,0.16
sulfisoxazole,chloramphenicol,0.18
sulfisoxazole,minocycline,0.24
sulfisoxazole,tetracycline,0.26
sulfisoxazole,doxycycline,0.25
sulfisoxazole,streptomycin,0.18
sulfisoxazole,gentamicin,0.15
sulfisoxazole,tobramycin,0.24
sulfisoxazole,kanamycin,0.18
sulfisoxazole,amikacin,0.21
sulfisoxazole,vancomycin,0.5
sulfisoxazole,teicoplanin,0.52
sulfisoxazole,lincomycin,0.47
sulfisoxazole,clindamycin,0.48
sulfisoxazole,erythromycin,0.33
sulfisoxazole,azithromycin,0.27
sulfisoxazole,imipenem,0.14
sulfisoxazole,meropenem,0.15
sulfisoxazole,cefoxitin,0.16
sulfisoxazole,cefmetazole,0.24
sulfisoxazole,aztreonam,0.24
sulfisoxazole,latamoxef,0.14
sulfisoxazole,clavulanate,0.16
sulfisoxazole,sulbactam,0.16
sulfisoxazole,tazobactam,0.13
sulfisoxazole,cefradine,0.13
sulfisoxazole,cefazolin,0.13
sulfisoxazole,cefadroxil,0.15
sulfisoxazole,cefaclor,0.09
sulfisoxazole,ceftriaxone,0.06
sulfisoxazole,cefoperazone,0.11
sulfisoxazole,cefepime,0.08
sulfisoxazole,benzylpenicillin,0.26
sulfisoxazole,phenoxymethylpenicillin,0.26
sulfisoxazole,meticillin,0.16
sulfisoxazole,dicloxacillin,0.17
sulfisoxazole,oxacillin,0.41
sulfisoxazole,ampicillin,0.07
sulfisoxazole,amoxicillin,0.08
sulfisoxazole,carbenicillin,0.11
sulfisoxazole,piperacillin,0.14
sulfisoxazole,amdinocillin,0.21
sulfamethoxazole,sulfadoxine,0.1
sulfamethoxazole,sulfadiazine,0.04
sulfamethoxazole,sulfacetamide,0.12
sulfamethoxazole,norfloxacin,0.15
sulfamethoxazole,ciprofloxacin,0.15
sulfamethoxazole,chloramphenicol,0.16
sulfamethoxazole,minocycline,0.21
sulfamethoxazole,tetracycline,0.24
sulfamethoxazole,doxycycline,0.23
sulfamethoxazole,streptomycin,0.19
sulfamethoxazole,gentamicin,0.2
sulfamethoxazole,tobramycin,0.3
sulfamethoxazole,kanamycin,0.24
sulfamethoxazole,amikacin,0.27
sulfamethoxazole,vancomycin,0.53
sulfamethoxazole,teicoplanin,0.55
sulfamethoxazole,lincomycin,0.5
sulfamethoxazole,clindamycin,0.5
sulfamethoxazole,erythromycin,0.27
sulfamethoxazole,azithromycin,0.24
sulfamethoxazole,imipenem,0.19
sulfamethoxazole,meropenem,0.19
sulfamethoxazole,cefoxitin,0.21
sulfamethoxazole,cefmetazole,0.33
sulfamethoxazole,aztreonam,0.3
sulfamethoxazole,latamoxef,0.21
sulfamethoxazole,clavulanate,0.22
sulfamethoxazole,sulbactam,0.16
sulfamethoxazole,tazobactam,0.18
sulfamethoxazole,cefradine,0.18
sulfamethoxazole,cefazolin,0.17
sulfamethoxazole,cefadroxil,0.22
sulfamethoxazole,cefaclor,0.15
sulfamethoxazole,ceftriaxone,0.1
sulfamethoxazole,cefoperazone,0.15
sulfamethoxazole,cefepime,0.12
sulfamethoxazole,benzylpenicillin,0.28
sulfamethoxazole,phenoxymethylpenicillin,0.28
sulfamethoxazole,meticillin,0.2
sulfamethoxazole,dicloxacillin,0.21
sulfamethoxazole,oxacillin,0.45
sulfamethoxazole,ampicillin,0.11
sulfamethoxazole,amoxicillin,0.12
sulfamethoxazole,carbenicillin,0.14
sulfamethoxazole,piperacillin,0.16
sulfamethoxazole,amdinocillin,0.3
sulfadoxine,sulfadiazine,0.04
sulfadoxine,sulfacetamide,0.23
sulfadoxine,norfloxacin,0.11
sulfadoxine,ciprofloxacin,0.14
sulfadoxine,chloramphenicol,0.19
sulfadoxine,minocycline,0.25
sulfadoxine,tetracycline,0.26
sulfadoxine,doxycycline,0.25
sulfadoxine,streptomycin,0.26
sulfadoxine,gentamicin,0.18
sulfadoxine,tobramycin,0.21
sulfadoxine,kanamycin,0.27
sulfadoxine,amikacin,0.21
sulfadoxine,vancomycin,0.43
sulfadoxine,teicoplanin,0.44
sulfadoxine,lincomycin,0.37
sulfadoxine,clindamycin,0.38
sulfadoxine,erythromycin,0.34
sulfadoxine,azithromycin,0.28
sulfadoxine,imipenem,0.1
sulfadoxine,meropenem,0.1
sulfadoxine,cefoxitin,0.21
sulfadoxine,cefmetazole,0.28
sulfadoxine,aztreonam,0.3
sulfadoxine,latamoxef,0.16
sulfadoxine,clavulanate,0.15
sulfadoxine,sulbactam,0.19
sulfadoxine,tazobactam,0.11
sulfadoxine,cefradine,0.13
sulfadoxine,cefazolin,0.15
sulfadoxine,cefadroxil,0.19
sulfadoxine,cefaclor,0.14
sulfadoxine,ceftriaxone,0.1
sulfadoxine,cefoperazone,0.13
sulfadoxine,cefepime,0.06
sulfadoxine,benzylpenicillin,0.27
sulfadoxine,phenoxymethylpenicillin,0.27
sulfadoxine,meticillin,0.13
sulfadoxine,dicloxacillin,0.15
sulfadoxine,oxacillin,0.36
sulfadoxine,ampicillin,0.09
sulfadoxine,amoxicillin,0.11
sulfadoxine,carbenicillin,0.11
sulfadoxine,piperacillin,0.12
sulfadoxine,amdinocillin,0.23
sulfadiazine,sulfacetamide,0.13
sulfadiazine,norfloxacin,0.09
sulfadiazine,ciprofloxacin,0.12
sulfadiazine,chloramphenicol,0.17
sulfadiazine,minocycline,0.22
sulfadiazine,tetracycline,0.22
sulfadiazine,doxycycline,0.21
sulfadiazine,streptomycin,0.18
sulfadiazine,gentamicin,0.15
sulfadiazine,tobramycin,0.22
sulfadiazine,kanamycin,0.18
sulfadiazine,amikacin,0.2
sulfadiazine,vancomycin,0.5
sulfadiazine,teicoplanin,0.52
sulfadiazine,lincomycin,0.44
sulfadiazine,clindamycin,0.45
sulfadiazine,erythromycin,0.31
sulfadiazine,azithromycin,0.23
sulfadiazine,imipenem,0.12
sulfadiazine,meropenem,0.13
sulfadiazine,cefoxitin,0.17
sulfadiazine,cefmetazole,0.24
sulfadiazine,aztreonam,0.24
sulfadiazine,latamoxef,0.13
sulfadiazine,clavulanate,0.16
sulfadiazine,sulbactam,0.16
sulfadiazine,tazobactam,0.14
sulfadiazine,cefradine,0.14
sulfadiazine,cefazolin,0.14
sulfadiazine,cefadroxil,0.19
sulfadiazine,cefaclor,0.13
sulfadiazine,ceftriaxone,0.08
sulfadiazine,cefoperazone,0.13
sulfadiazine,cefepime,0.08
sulfadiazine,benzylpenicillin,0.26
sulfadiazine,phenoxymethylpenicillin,0.26
sulfadiazine,meticillin,0.17
sulfadiazine,dicloxacillin,0.18
sulfadiazine,oxacillin,0.44
sulfadiazine,ampicillin,0.09
sulfadiazine,amoxicillin,0.1
sulfadiazine,carbenicillin,0.12
sulfadiazine,piperacillin,0.13
sulfadiazine,amdinocillin,0.23
sulfacetamide,norfloxacin,0.31
sulfacetamide,ciprofloxacin,0.28
sulfacetamide,chloramphenicol,0.25
sulfacetamide,minocycline,0.19
sulfacetamide,tetracycline,0.24
sulfacetamide,doxycycline,0.22
sulfacetamide,streptomycin,0.3
sulfacetamide,gentamicin,0.3
sulfacetamide,tobramycin,0.4
sulfacetamide,kanamycin,0.36
sulfacetamide,amikacin,0.37
sulfacetamide,vancomycin,0.46
sulfacetamide,teicoplanin,0.49
sulfacetamide,lincomycin,0.55
sulfacetamide,clindamycin,0.54
sulfacetamide,erythromycin,0.29
sulfacetamide,azithromycin,0.29
sulfacetamide,imipenem,0.32
sulfacetamide,meropenem,0.32
sulfacetamide,cefoxitin,0.3
sulfacetamide,cefmetazole,0.3
sulfacetamide,aztreonam,0.46
sulfacetamide,latamoxef,0.35
sulfacetamide,clavulanate,0.3
sulfacetamide,sulbactam,0.3
sulfacetamide,tazobactam,0.31
sulfacetamide,cefradine,0.25
sulfacetamide,cefazolin,0.31
sulfacetamide,cefadroxil,0.21
sulfacetamide,cefaclor,0.24
sulfacetamide,ceftriaxone,0.26
sulfacetamide,cefoperazone,0.31
sulfacetamide,cefepime,0.27
sulfacetamide,benzylpenicillin,0.34
sulfacetamide,phenoxymethylpenicillin,0.34
sulfacetamide,meticillin,0.28
sulfacetamide,dicloxacillin,0.25
sulfacetamide,oxacillin,0.38
sulfacetamide,ampicillin,0.19
sulfacetamide,amoxicillin,0.25
sulfacetamide,carbenicillin,0.31
sulfacetamide,piperacillin,0.33
sulfacetamide,amdinocillin,0.44
norfloxacin,ciprofloxacin,0.04
norfloxacin,chloramphenicol,0.25
norfloxacin,minocycline,0.36
norfloxacin,tetracycline,0.32
norfloxacin,doxycycline,0.3
norfloxacin,streptomycin,0.19
norfloxacin,gentamicin,0.12
norfloxacin,tobramycin,0.14
norfloxacin,kanamycin,0.13
norfloxacin,amikacin,0.11
norfloxacin,vancomycin,0.67
norfloxacin,teicoplanin,0.71
norfloxacin,lincomycin,0.61
norfloxacin,clindamycin,0.62
norfloxacin,erythromycin,0.46
norfloxacin,azithromycin,0.29
norfloxacin,imipenem,0.14
norfloxacin,meropenem,0.15
norfloxacin,cefoxitin,0.27
norfloxacin,cefmetazole,0.3
norfloxacin,aztreonam,0.13
norfloxacin,latamoxef,0.14
norfloxacin,clavulanate,0.25
norfloxacin,sulbactam,0.2
norfloxacin,tazobactam,0.15
norfloxacin,cefradine,0.27
norfloxacin,cefazolin,0.28
norfloxacin,cefadroxil,0.3
norfloxacin,cefaclor,0.24
norfloxacin,ceftriaxone,0.1
norfloxacin,cefoperazone,0.18
norfloxacin,cefepime,0.11
norfloxacin,benzylpenicillin,0.39
norfloxacin,phenoxymethylpenicillin,0.39
norfloxacin,meticillin,0.29
norfloxacin,dicloxacillin,0.33
norfloxacin,oxacillin,0.66
norfloxacin,ampicillin,0.23
norfloxacin,amoxicillin,0.22
norfloxacin,carbenicillin,0.22
norfloxacin,piperacillin,0.15
norfloxacin,amdinocillin,0.21
ciprofloxacin,chloramphenicol,0.23
ciprofloxacin,minocycline,0.28
ciprofloxacin,tetracycline,0.26
ciprofloxacin,doxycycline,0.22
ciprofloxacin,streptomycin,0.24
ciprofloxacin,gentamicin,0.18
ciprofloxacin,tobramycin,0.19
ciprofloxacin,kanamycin,0.22
ciprofloxacin,amikacin,0.18
ciprofloxacin,vancomycin,0.64
ciprofloxacin,teicoplanin,0.66
ciprofloxacin,lincomycin,0.62
ciprofloxacin,clindamycin,0.62
ciprofloxacin,erythromycin,0.35
ciprofloxacin,azithromycin,0.2
ciprofloxacin,imipenem,0.17
ciprofloxacin,meropenem,0.19
ciprofloxacin,cefoxitin,0.33
ciprofloxacin,cefmetazole,0.37
ciprofloxacin,aztreonam,0.2
ciprofloxacin,latamoxef,0.19
ciprofloxacin,clavulanate,0.29
ciprofloxacin,sulbactam,0.26
ciprofloxacin,tazobactam,0.2
ciprofloxacin,cefradine,0.32
ciprofloxacin,cefazolin,0.33
ciprofloxacin,cefadroxil,0.36
ciprofloxacin,cefaclor,0.31
ciprofloxacin,ceftriaxone,0.16
ciprofloxacin,cefoperazone,0.24
ciprofloxacin,cefepime,0.16
ciprofloxacin,benzylpenicillin,0.41
ciprofloxacin,phenoxymethylpenicillin,0.41
ciprofloxacin,meticillin,0.3
ciprofloxacin,dicloxacillin,0.36
ciprofloxacin,oxacillin,0.66
ciprofloxacin,ampicillin,0.28
ciprofloxacin,amoxicillin,0.25
ciprofloxacin,carbenicillin,0.28
ciprofloxacin,piperacillin,0.2
ciprofloxacin,amdinocillin,0.29
chloramphenicol,minocycline,0.13
chloramphenicol,tetracycline,0.11
chloramphenicol,doxycycline,0.11
chloramphenicol,streptomycin,0.27
chloramphenicol,gentamicin,0.32
chloramphenicol,tobramycin,0.39
chloramphenicol,kanamycin,0.32
chloramphenicol,amikacin,0.37
chloramphenicol,vancomycin,0.52
chloramphenicol,teicoplanin,0.52
chloramphenicol,lincomycin,0.42
chloramphenicol,clindamycin,0.39
chloramphenicol,erythromycin,0.23
chloramphenicol,azithromycin,0.2
chloramphenicol,imipenem,0.21
chloramphenicol,meropenem,0.24
chloramphenicol,cefoxitin,0.2
chloramphenicol,cefmetazole,0.3
chloramphenicol,aztreonam,0.43
chloramphenicol,latamoxef,0.25
chloramphenicol,clavulanate,0.22
chloramphenicol,sulbactam,0.27
chloramphenicol,tazobactam,0.25
chloramphenicol,cefradine,0.23
chloramphenicol,cefazolin,0.21
chloramphenicol,cefadroxil,0.26
chloramphenicol,cefaclor,0.25
chloramphenicol,ceftriaxone,0.19
chloramphenicol,cefoperazone,0.26
chloramphenicol,cefepime,0.2
chloramphenicol,benzylpenicillin,0.26
chloramphenicol,phenoxymethylpenicillin,0.24
chloramphenicol,meticillin,0.19
chloramphenicol,dicloxacillin,0.26
chloramphenicol,oxacillin,0.43
chloramphenicol,ampicillin,0.22
chloramphenicol,amoxicillin,0.24
chloramphenicol,carbenicillin,0.16
chloramphenicol,piperacillin,0.23
chloramphenicol,amdinocillin,0.33
minocycline,tetracycline,0.13
minocycline,doxycycline,0.11
minocycline,streptomycin,0.39
minocycline,gentamicin,0.39
minocycline,tobramycin,0.5
minocycline,kanamycin,0.51
minocycline,amikacin,0.5
minocycline,vancomycin,0.37
minocycline,teicoplanin,0.4
minocycline,lincomycin,0.39
minocycline,clindamycin,0.38
minocycline,erythromycin,0.11
minocycline,azithromycin,0.13
minocycline,imipenem,0.32
minocycline,meropenem,0.28
minocycline,cefoxitin,0.29
minocycline,cefmetazole,0.41
minocycline,aztreonam,0.54
minocycline,latamoxef,0.39
minocycline,clavulanate,0.29
minocycline,sulbactam,0.31
minocycline,tazobactam,0.35
minocycline,cefradine,0.2
minocycline,cefazolin,0.3
minocycline,cefadroxil,0.29
minocycline,cefaclor,0.26
minocycline,ceftriaxone,0.31
minocycline,cefoperazone,0.33
minocycline,cefepime,0.29
minocycline,benzylpenicillin,0.29
minocycline,phenoxymethylpenicillin,0.3
minocycline,meticillin,0.21
minocycline,dicloxacillin,0.18
minocycline,oxacillin,0.29
minocycline,ampicillin,0.25
minocycline,amoxicillin,0.29
minocycline,carbenicillin,0.29
minocycline,piperacillin,0.33
minocycline,amdinocillin,0.55
tetracycline,doxycycline,0.02
tetracycline,streptomycin,0.31
tetracycline,gentamicin,0.4
tetracycline,tobramycin,0.49
tetracycline,kanamycin,0.44
tetracycline,amikacin,0.48
tetracycline,vancomycin,0.51
tetracycline,teicoplanin,0.53
tetracycline,lincomycin,0.42
tetracycline,clindamycin,0.38
tetracycline,erythromycin,0.23
tetracycline,azithromycin,0.13
tetracycline,imipenem,0.33
tetracycline,meropenem,0.33
tetracycline,cefoxitin,0.34
tetracycline,cefmetazole,0.42
tetracycline,aztreonam,0.53
tetracycline,latamoxef,0.34
tetracycline,clavulanate,0.36
tetracycline,sulbactam,0.36
tetracycline,tazobactam,0.45
tetracycline,cefradine,0.25
tetracycline,cefazolin,0.36
tetracycline,cefadroxil,0.39
tetracycline,cefaclor,0.35
tetracycline,ceftriaxone,0.34
tetracycline,cefoperazone,0.39
tetracycline,cefepime,0.33
tetracycline,benzylpenicillin,0.28
tetracycline,phenoxymethylpenicillin,0.27
tetracycline,meticillin,0.26
tetracycline,dicloxacillin,0.3
tetracycline,oxacillin,0.45
tetracycline,ampicillin,0.32
tetracycline,amoxicillin,0.38
tetracycline,carbenicillin,0.31
tetracycline,piperacillin,0.39
tetracycline,amdinocillin,0.53
doxycycline,streptomycin,0.29
doxycycline,gentamicin,0.38
doxycycline,tobramycin,0.44
doxycycline,kanamycin,0.42
doxycycline,amikacin,0.45
doxycycline,vancomycin,0.53
doxycycline,teicoplanin,0.55
doxycycline,lincomycin,0.48
doxycycline,clindamycin,0.44
doxycycline,erythromycin,0.21
doxycycline,azithromycin,0.12
doxycycline,imipenem,0.34
doxycycline,meropenem,0.34
doxycycline,cefoxitin,0.37
doxycycline,cefmetazole,0.4
doxycycline,aztreonam,0.5
doxycycline,latamoxef,0.36
doxycycline,clavulanate,0.37
doxycycline,sulbactam,0.39
doxycycline,tazobactam,0.42
doxycycline,cefradine,0.28
doxycycline,cefazolin,0.4
doxycycline,cefadroxil,0.37
doxycycline,cefaclor,0.34
doxycycline,ceftriaxone,0.33
doxycycline,cefoperazone,0.4
doxycycline,cefepime,0.34
doxycycline,benzylpenicillin,0.33
doxycycline,phenoxymethylpenicillin,0.32
doxycycline,meticillin,0.27
doxycycline,dicloxacillin,0.32
doxycycline,oxacillin,0.45
doxycycline,ampicillin,0.32
doxycycline,amoxicillin,0.38
doxycycline,carbenicillin,0.34
doxycycline,piperacillin,0.4
doxycycline,amdinocillin,0.5
streptomycin,gentamicin,0.15
streptomycin,tobramycin,0.25
streptomycin,kanamycin,0.12
streptomycin,amikacin,0.22
streptomycin,vancomycin,0.82
streptomycin,teicoplanin,0.86
streptomycin,lincomycin,0.79
streptomycin,clindamycin,0.78
streptomycin,erythromycin,0.53
streptomycin,azithromycin,0.45
streptomycin,imipenem,0.35
streptomycin,meropenem,0.35
streptomycin,cefoxitin,0.38
streptomycin,cefmetazole,0.38
streptomycin,aztreonam,0.24
streptomycin,latamoxef,0.26
streptomycin,clavulanate,0.46
streptomycin,sulbactam,0.24
streptomycin,tazobactam,0.34
streptomycin,cefradine,0.42
streptomycin,cefazolin,0.36
streptomycin,cefadroxil,0.39
streptomycin,cefaclor,0.36
streptomycin,ceftriaxone,0.18
streptomycin,cefoperazone,0.27
streptomycin,cefepime,0.28
streptomycin,benzylpenicillin,0.42
streptomycin,phenoxymethylpenicillin,0.42
streptomycin,meticillin,0.46
streptomycin,dicloxacillin,0.46
streptomycin,oxacillin,0.77
streptomycin,ampicillin,0.24
streptomycin,amoxicillin,0.29
streptomycin,carbenicillin,0.31
streptomycin,piperacillin,0.28
streptomycin,amdinocillin,0.29
gentamicin,tobramycin,0.06
gentamicin,kanamycin,0.14
gentamicin,amikacin,0.04
gentamicin,vancomycin,0.71
gentamicin,teicoplanin,0.74
gentamicin,lincomycin,0.68
gentamicin,clindamycin,0.68
gentamicin,erythromycin,0.47
gentamicin,azithromycin,0.43
gentamicin,imipenem,0.21
gentamicin,meropenem,0.2
gentamicin,cefoxitin,0.3
gentamicin,cefmetazole,0.25
gentamicin,aztreonam,0.13
gentamicin,latamoxef,0.17
gentamicin,clavulanate,0.3
gentamicin,sulbactam,0.17
gentamicin,tazobactam,0.17
gentamicin,cefradine,0.33
gentamicin,cefazolin,0.3
gentamicin,cefadroxil,0.25
gentamicin,cefaclor,0.26
gentamicin,ceftriaxone,0.09
gentamicin,cefoperazone,0.13
gentamicin,cefepime,0.14
gentamicin,benzylpenicillin,0.4
gentamicin,phenoxymethylpenicillin,0.4
gentamicin,meticillin,0.34
gentamicin,dicloxacillin,0.35
gentamicin,oxacillin,0.63
gentamicin,ampicillin,0.21
gentamicin,amoxicillin,0.26
gentamicin,carbenicillin,0.24
gentamicin,piperacillin,0.16
gentamicin,amdinocillin,0.3
tobramycin,kanamycin,0.21
tobramycin,amikacin,0.04
tobramycin,vancomycin,0.77
tobramycin,teicoplanin,0.77
tobramycin,lincomycin,0.69
tobramycin,clindamycin,0.69
tobramycin,erythromycin,0.61
tobramycin,azithromycin,0.52
tobramycin,imipenem,0.24
tobramycin,meropenem,0.26
tobramycin,cefoxitin,0.41
tobramycin,cefmetazole,0.28
tobramycin,aztreonam,0.2
tobramycin,latamoxef,0.22
tobramycin,clavulanate,0.35
tobramycin,sulbactam,0.33
tobramycin,tazobactam,0.18
tobramycin,cefradine,0.42
tobramycin,cefazolin,0.36
tobramycin,cefadroxil,0.32
tobramycin,cefaclor,0.36
tobramycin,ceftriaxone,0.18
tobramycin,cefoperazone,0.2
tobramycin,cefepime,0.19
tobramycin,benzylpenicillin,0.55
tobramycin,phenoxymethylpenicillin,0.54
tobramycin,meticillin,0.41
tobramycin,dicloxacillin,0.44
tobramycin,oxacillin,0.71
tobramycin,ampicillin,0.32
tobramycin,amoxicillin,0.37
tobramycin,carbenicillin,0.33
tobramycin,piperacillin,0.22
tobramycin,amdinocillin,0.25
kanamycin,amikacin,0.12
kanamycin,vancomycin,0.87
kanamycin,teicoplanin,0.89
kanamycin,lincomycin,0.77
kanamycin,clindamycin,0.78
kanamycin,erythromycin,0.64
kanamycin,azithromycin,0.5
kanamycin,imipenem,0.26
kanamycin,meropenem,0.32
kanamycin,cefoxitin,0.3
kanamycin,cefmetazole,0.25
kanamycin,aztreonam,0.16
kanamycin,latamoxef,0.18
kanamycin,clavulanate,0.36
kanamycin,sulbactam,0.28
kanamycin,tazobactam,0.25
kanamycin,cefradine,0.4
kanamycin,cefazolin,0.32
kanamycin,cefadroxil,0.32
kanamycin,cefaclor,0.32
kanamycin,ceftriaxone,0.15
kanamycin,cefoperazone,0.27
kanamycin,cefepime,0.21
kanamycin,benzylpenicillin,0.5
kanamycin,phenoxymethylpenicillin,0.5
kanamycin,meticillin,0.44
kanamycin,dicloxacillin,0.48
kanamycin,oxacillin,0.79
kanamycin,ampicillin,0.29
kanamycin,amoxicillin,0.32
kanamycin,carbenicillin,0.32
kanamycin,piperacillin,0.25
kanamycin,amdinocillin,0.16
amikacin,vancomycin,0.79
amikacin,teicoplanin,0.81
amikacin,lincomycin,0.71
amikacin,clindamycin,0.72
amikacin,erythromycin,0.59
amikacin,azithromycin,0.5
amikacin,imipenem,0.2
amikacin,meropenem,0.23
amikacin,cefoxitin,0.33
amikacin,cefmetazole,0.22
amikacin,aztreonam,0.11
amikacin,latamoxef,0.16
amikacin,clavulanate,0.3
amikacin,sulbactam,0.26
amikacin,tazobactam,0.17
amikacin,cefradine,0.39
amikacin,cefazolin,0.34
amikacin,cefadroxil,0.29
amikacin,cefaclor,0.31
amikacin,ceftriaxone,0.13
amikacin,cefoperazone,0.17
amikacin,cefepime,0.16
amikacin,benzylpenicillin,0.5
amikacin,phenoxymethylpenicillin,0.5
amikacin,meticillin,0.39
amikacin,dicloxacillin,0.43
amikacin,oxacillin,0.71
amikacin,ampicillin,0.3
amikacin,amoxicillin,0.34
amikacin,carbenicillin,0.3
amikacin,piperacillin,0.19
amikacin,amdinocillin,0.26
vancomycin,teicoplanin,0.01
vancomycin,lincomycin,0.26
vancomycin,clindamycin,0.27
vancomycin,erythromycin,0.38
vancomycin,azithromycin,0.5
vancomycin,imipenem,0.42
vancomycin,meropenem,0.4
vancomycin,cefoxitin,0.43
vancomycin,cefmetazole,0.53
vancomycin,aztreonam,0.95
vancomycin,latamoxef,0.63
vancomycin,clavulanate,0.35
vancomycin,sulbactam,0.54
vancomycin,tazobactam,0.46
vancomycin,cefradine,0.27
vancomycin,cefazolin,0.34
vancomycin,cefadroxil,0.38
vancomycin,cefaclor,0.4
vancomycin,ceftriaxone,0.54
vancomycin,cefoperazone,0.58
vancomycin,cefepime,0.47
vancomycin,benzylpenicillin,0.3
vancomycin,phenoxymethylpenicillin,0.32
vancomycin,meticillin,0.21
vancomycin,dicloxacillin,0.15
vancomycin,oxacillin,0.16
vancomycin,ampicillin,0.33
vancomycin,amoxicillin,0.38
vancomycin,carbenicillin,0.5
vancomycin,piperacillin,0.48
vancomycin,amdinocillin,0.79
teicoplanin,lincomycin,0.25
teicoplanin,clindamycin,0.25
teicoplanin,erythromycin,0.41
teicoplanin,azithromycin,0.53
teicoplanin,imipenem,0.44
teicoplanin,meropenem,0.43
teicoplanin,cefoxitin,0.45
teicoplanin,cefmetazole,0.53
teicoplanin,aztreonam,1
teicoplanin,latamoxef,0.65
teicoplanin,clavulanate,0.36
teicoplanin,sulbactam,0.6
teicoplanin,tazobactam,0.47
teicoplanin,cefradine,0.28
teicoplanin,cefazolin,0.35
teicoplanin,cefadroxil,0.38
teicoplanin,cefaclor,0.42
teicoplanin,ceftriaxone,0.58
teicoplanin,cefoperazone,0.61
teicoplanin,cefepime,0.48
teicoplanin,benzylpenicillin,0.35
teicoplanin,phenoxymethylpenicillin,0.35
teicoplanin,meticillin,0.22
teicoplanin,dicloxacillin,0.18
teicoplanin,oxacillin,0.15
teicoplanin,ampicillin,0.35
teicoplanin,amoxicillin,0.41
teicoplanin,carbenicillin,0.52
teicoplanin,piperacillin,0.51
teicoplanin,amdinocillin,0.78
lincomycin,clindamycin,0.01
lincomycin,erythromycin,0.42
lincomycin,azithromycin,0.42
lincomycin,imipenem,0.33
lincomycin,meropenem,0.33
lincomycin,cefoxitin,0.32
lincomycin,cefmetazole,0.43
lincomycin,aztreonam,0.83
lincomycin,latamoxef,0.44
lincomycin,clavulanate,0.32
lincomycin,sulbactam,0.49
lincomycin,tazobactam,0.51
lincomycin,cefradine,0.19
lincomycin,cefazolin,0.26
lincomycin,cefadroxil,0.41
lincomycin,cefaclor,0.37
lincomycin,ceftriaxone,0.55
lincomycin,cefoperazone,0.49
lincomycin,cefepime,0.41
lincomycin,benzylpenicillin,0.34
lincomycin,phenoxymethylpenicillin,0.33
lincomycin,meticillin,0.23
lincomycin,dicloxacillin,0.2
lincomycin,oxacillin,0.27
lincomycin,ampicillin,0.42
lincomycin,amoxicillin,0.48
lincomycin,carbenicillin,0.37
lincomycin,piperacillin,0.42
lincomycin,amdinocillin,0.69
clindamycin,erythromycin,0.39
clindamycin,azithromycin,0.38
clindamycin,imipenem,0.33
clindamycin,meropenem,0.34
clindamycin,cefoxitin,0.33
clindamycin,cefmetazole,0.44
clindamycin,aztreonam,0.84
clindamycin,latamoxef,0.45
clindamycin,clavulanate,0.33
clindamycin,sulbactam,0.5
clindamycin,tazobactam,0.53
clindamycin,cefradine,0.2
clindamycin,cefazolin,0.27
clindamycin,cefadroxil,0.41
clindamycin,cefaclor,0.38
clindamycin,ceftriaxone,0.55
clindamycin,cefoperazone,0.5
clindamycin,cefepime,0.42
clindamycin,benzylpenicillin,0.3
clindamycin,phenoxymethylpenicillin,0.29
clindamycin,meticillin,0.22
clindamycin,dicloxacillin,0.21
clindamycin,oxacillin,0.28
clindamycin,ampicillin,0.43
clindamycin,amoxicillin,0.5
clindamycin,carbenicillin,0.37
clindamycin,piperacillin,0.43
clindamycin,amdinocillin,0.7
erythromycin,azithromycin,0.13
erythromycin,imipenem,0.37
erythromycin,meropenem,0.33
erythromycin,cefoxitin,0.36
erythromycin,cefmetazole,0.52
erythromycin,aztreonam,0.58
erythromycin,latamoxef,0.47
erythromycin,clavulanate,0.37
erythromycin,sulbactam,0.33
erythromycin,tazobactam,0.42
erythromycin,cefradine,0.27
erythromycin,cefazolin,0.35
erythromycin,cefadroxil,0.38
erythromycin,cefaclor,0.29
erythromycin,ceftriaxone,0.36
erythromycin,cefoperazone,0.39
erythromycin,cefepime,0.38
erythromycin,benzylpenicillin,0.21
erythromycin,phenoxymethylpenicillin,0.22
erythromycin,meticillin,0.22
erythromycin,dicloxacillin,0.24
erythromycin,oxacillin,0.36
erythromycin,ampicillin,0.3
erythromycin,amoxicillin,0.29
erythromycin,carbenicillin,0.33
erythromycin,piperacillin,0.39
erythromycin,amdinocillin,0.73
azithromycin,imipenem,0.32
azithromycin,meropenem,0.3
azithromycin,cefoxitin,0.33
azithromycin,cefmetazole,0.46
azithromycin,aztreonam,0.49
azithromycin,latamoxef,0.37
azithromycin,clavulanate,0.34
azithromycin,sulbactam,0.36
azithromycin,tazobactam,0.44
azithromycin,cefradine,0.25
azithromycin,cefazolin,0.37
azithromycin,cefadroxil,0.39
azithromycin,cefaclor,0.29
azithromycin,ceftriaxone,0.32
azithromycin,cefoperazone,0.38
azithromycin,cefepime,0.32
azithromycin,benzylpenicillin,0.3
azithromycin,phenoxymethylpenicillin,0.3
azithromycin,meticillin,0.24
azithromycin,dicloxacillin,0.28
azithromycin,oxacillin,0.47
azithromycin,ampicillin,0.36
azithromycin,amoxicillin,0.34
azithromycin,carbenicillin,0.32
azithromycin,piperacillin,0.39
azithromycin,amdinocillin,0.59
imipenem,meropenem,0.03
imipenem,cefoxitin,0.08
imipenem,cefmetazole,0.2
imipenem,aztreonam,0.24
imipenem,latamoxef,0.06
imipenem,clavulanate,0.07
imipenem,sulbactam,0.13
imipenem,tazobactam,0.12
imipenem,cefradine,0.19
imipenem,cefazolin,0.14
imipenem,cefadroxil,0.25
imipenem,cefaclor,0.21
imipenem,ceftriaxone,0.12
imipenem,cefoperazone,0.14
imipenem,cefepime,0.07
imipenem,benzylpenicillin,0.22
imipenem,phenoxymethylpenicillin,0.22
imipenem,meticillin,0.14
imipenem,dicloxacillin,0.19
imipenem,oxacillin,0.47
imipenem,ampicillin,0.16
imipenem,amoxicillin,0.16
imipenem,carbenicillin,0.1
imipenem,piperacillin,0.04
imipenem,amdinocillin,0.32
meropenem,cefoxitin,0.1
meropenem,cefmetazole,0.26
meropenem,aztreonam,0.23
meropenem,latamoxef,0.12
meropenem,clavulanate,0.07
meropenem,sulbactam,0.09
meropenem,tazobactam,0.15
meropenem,cefradine,0.18
meropenem,cefazolin,0.18
meropenem,cefadroxil,0.27
meropenem,cefaclor,0.19
meropenem,ceftriaxone,0.13
meropenem,cefoperazone,0.13
meropenem,cefepime,0.08
meropenem,benzylpenicillin,0.2
meropenem,phenoxymethylpenicillin,0.19
meropenem,meticillin,0.14
meropenem,dicloxacillin,0.16
meropenem,oxacillin,0.44
meropenem,ampicillin,0.15
meropenem,amoxicillin,0.16
meropenem,carbenicillin,0.09
meropenem,piperacillin,0.04
meropenem,amdinocillin,0.4
cefoxitin,cefmetazole,0.15
cefoxitin,aztreonam,0.32
cefoxitin,latamoxef,0.11
cefoxitin,clavulanate,0.07
cefoxitin,sulbactam,0.14
cefoxitin,tazobactam,0.22
cefoxitin,cefradine,0.17
cefoxitin,cefazolin,0.13
cefoxitin,cefadroxil,0.21
cefoxitin,cefaclor,0.17
cefoxitin,ceftriaxone,0.16
cefoxitin,cefoperazone,0.16
cefoxitin,cefepime,0.15
cefoxitin,benzylpenicillin,0.2
cefoxitin,phenoxymethylpenicillin,0.2
cefoxitin,meticillin,0.15
cefoxitin,dicloxacillin,0.17
cefoxitin,oxacillin,0.41
cefoxitin,ampicillin,0.17
cefoxitin,amoxicillin,0.18
cefoxitin,carbenicillin,0.09
cefoxitin,piperacillin,0.11
cefoxitin,amdinocillin,0.41
cefmetazole,aztreonam,0.37
cefmetazole,latamoxef,0.18
cefmetazole,clavulanate,0.2
cefmetazole,sulbactam,0.34
cefmetazole,tazobactam,0.27
cefmetazole,cefradine,0.25
cefmetazole,cefazolin,0.24
cefmetazole,cefadroxil,0.17
cefmetazole,cefaclor,0.25
cefmetazole,ceftriaxone,0.25
cefmetazole,cefoperazone,0.27
cefmetazole,cefepime,0.25
cefmetazole,benzylpenicillin,0.42
cefmetazole,phenoxymethylpenicillin,0.41
cefmetazole,meticillin,0.27
cefmetazole,dicloxacillin,0.28
cefmetazole,oxacillin,0.45
cefmetazole,ampicillin,0.29
cefmetazole,amoxicillin,0.35
cefmetazole,carbenicillin,0.31
cefmetazole,piperacillin,0.25
cefmetazole,amdinocillin,0.36
aztreonam,latamoxef,0.16
aztreonam,clavulanate,0.35
aztreonam,sulbactam,0.2
aztreonam,tazobactam,0.26
aztreonam,cefradine,0.49
aztreonam,cefazolin,0.43
aztreonam,cefadroxil,0.49
aztreonam,cefaclor,0.37
aztreonam,ceftriaxone,0.17
aztreonam,cefoperazone,0.19
aztreonam,cefepime,0.23
aztreonam,benzylpenicillin,0.46
aztreonam,phenoxymethylpenicillin,0.47
aztreonam,meticillin,0.49
aztreonam,dicloxacillin,0.54
aztreonam,oxacillin,0.9
aztreonam,ampicillin,0.39
aztreonam,amoxicillin,0.34
aztreonam,carbenicillin,0.29
aztreonam,piperacillin,0.19
aztreonam,amdinocillin,0.38
latamoxef,clavulanate,0.19
latamoxef,sulbactam,0.14
latamoxef,tazobactam,0.19
latamoxef,cefradine,0.25
latamoxef,cefazolin,0.18
latamoxef,cefadroxil,0.31
latamoxef,cefaclor,0.26
latamoxef,ceftriaxone,0.14
latamoxef,cefoperazone,0.11
latamoxef,cefepime,0.12
latamoxef,benzylpenicillin,0.29
latamoxef,phenoxymethylpenicillin,0.29
latamoxef,meticillin,0.26
latamoxef,dicloxacillin,0.3
latamoxef,oxacillin,0.64
latamoxef,ampicillin,0.23
latamoxef,amoxicillin,0.22
latamoxef,carbenicillin,0.13
latamoxef,piperacillin,0.1
latamoxef,amdinocillin,0.28
clavulanate,sulbactam,0.2
clavulanate,tazobactam,0.15
clavulanate,cefradine,0.18
clavulanate,cefazolin,0.17
clavulanate,cefadroxil,0.19
clavulanate,cefaclor,0.16
clavulanate,ceftriaxone,0.15
clavulanate,cefoperazone,0.19
clavulanate,cefepime,0.1
clavulanate,benzylpenicillin,0.24
clavulanate,phenoxymethylpenicillin,0.23
clavulanate,meticillin,0.11
clavulanate,dicloxacillin,0.15
clavulanate,oxacillin,0.33
clavulanate,ampicillin,0.16
clavulanate,amoxicillin,0.16
clavulanate,carbenicillin,0.1
clavulanate,piperacillin,0.1
clavulanate,amdinocillin,0.38
sulbactam,tazobactam,0.22
sulbactam,cefradine,0.25
sulbactam,cefazolin,0.22
sulbactam,cefadroxil,0.3
sulbactam,cefaclor,0.24
sulbactam,ceftriaxone,0.12
sulbactam,cefoperazone,0.12
sulbactam,cefepime,0.13
sulbactam,benzylpenicillin,0.17
sulbactam,phenoxymethylpenicillin,0.17
sulbactam,meticillin,0.25
sulbactam,dicloxacillin,0.23
sulbactam,oxacillin,0.54
sulbactam,ampicillin,0.13
sulbactam,amoxicillin,0.14
sulbactam,carbenicillin,0.1
sulbactam,piperacillin,0.07
sulbactam,amdinocillin,0.45
tazobactam,cefradine,0.21
tazobactam,cefazolin,0.14
tazobactam,cefadroxil,0.17
tazobactam,cefaclor,0.16
tazobactam,ceftriaxone,0.08
tazobactam,cefoperazone,0.11
tazobactam,cefepime,0.05
tazobactam,benzylpenicillin,0.32
tazobactam,phenoxymethylpenicillin,0.32
tazobactam,meticillin,0.17
tazobactam,dicloxacillin,0.21
tazobactam,oxacillin,0.42
tazobactam,ampicillin,0.14
tazobactam,amoxicillin,0.14
tazobactam,carbenicillin,0.15
tazobactam,piperacillin,0.1
tazobactam,amdinocillin,0.19
cefradine,cefazolin,0.1
cefradine,cefadroxil,0.12
cefradine,cefaclor,0.08
cefradine,ceftriaxone,0.2
cefradine,cefoperazone,0.2
cefradine,cefepime,0.15
cefradine,benzylpenicillin,0.2
cefradine,phenoxymethylpenicillin,0.21
cefradine,meticillin,0.07
cefradine,dicloxacillin,0.04
cefradine,oxacillin,0.18
cefradine,ampicillin,0.13
cefradine,amoxicillin,0.19
cefradine,carbenicillin,0.18
cefradine,piperacillin,0.23
cefradine,amdinocillin,0.4
cefazolin,cefadroxil,0.17
cefazolin,cefaclor,0.11
cefazolin,ceftriaxone,0.13
cefazolin,cefoperazone,0.13
cefazolin,cefepime,0.12
cefazolin,benzylpenicillin,0.19
cefazolin,phenoxymethylpenicillin,0.19
cefazolin,meticillin,0.12
cefazolin,dicloxacillin,0.12
cefazolin,oxacillin,0.35
cefazolin,ampicillin,0.11
cefazolin,amoxicillin,0.12
cefazolin,carbenicillin,0.12
cefazolin,piperacillin,0.14
cefazolin,amdinocillin,0.27
cefadroxil,cefaclor,0.09
cefadroxil,ceftriaxone,0.17
cefadroxil,cefoperazone,0.22
cefadroxil,cefepime,0.16
cefadroxil,benzylpenicillin,0.34
cefadroxil,phenoxymethylpenicillin,0.34
cefadroxil,meticillin,0.14
cefadroxil,dicloxacillin,0.13
cefadroxil,oxacillin,0.22
cefadroxil,ampicillin,0.15
cefadroxil,amoxicillin,0.21
cefadroxil,carbenicillin,0.23
cefadroxil,piperacillin,0.28
cefadroxil,amdinocillin,0.32
cefaclor,ceftriaxone,0.12
cefaclor,cefoperazone,0.14
cefaclor,cefepime,0.14
cefaclor,benzylpenicillin,0.23
cefaclor,phenoxymethylpenicillin,0.24
cefaclor,meticillin,0.11
cefaclor,dicloxacillin,0.1
cefaclor,oxacillin,0.29
cefaclor,ampicillin,0.14
cefaclor,amoxicillin,0.14
cefaclor,carbenicillin,0.15
cefaclor,piperacillin,0.21
cefaclor,amdinocillin,0.36
ceftriaxone,cefoperazone,0.06
ceftriaxone,cefepime,0.05
ceftriaxone,benzylpenicillin,0.22
ceftriaxone,phenoxymethylpenicillin,0.22
ceftriaxone,meticillin,0.17
ceftriaxone,dicloxacillin,0.2
ceftriaxone,oxacillin,0.49
ceftriaxone,ampicillin,0.1
ceftriaxone,amoxicillin,0.1
ceftriaxone,carbenicillin,0.09
ceftriaxone,piperacillin,0.08
ceftriaxone,amdinocillin,0.23
cefoperazone,cefepime,0.08
cefoperazone,benzylpenicillin,0.26
cefoperazone,phenoxymethylpenicillin,0.27
cefoperazone,meticillin,0.21
cefoperazone,dicloxacillin,0.22
cefoperazone,oxacillin,0.5
cefoperazone,ampicillin,0.15
cefoperazone,amoxicillin,0.14
cefoperazone,carbenicillin,0.08
cefoperazone,piperacillin,0.09
cefoperazone,amdinocillin,0.32
cefepime,benzylpenicillin,0.26
cefepime,phenoxymethylpenicillin,0.25
cefepime,meticillin,0.13
cefepime,dicloxacillin,0.16
cefepime,oxacillin,0.41
cefepime,ampicillin,0.1
cefepime,amoxicillin,0.11
cefepime,carbenicillin,0.08
cefepime,piperacillin,0.07
cefepime,amdinocillin,0.21
benzylpenicillin,phenoxymethylpenicillin,0
benzylpenicillin,meticillin,0.14
benzylpenicillin,dicloxacillin,0.16
benzylpenicillin,oxacillin,0.4
benzylpenicillin,ampicillin,0.19
benzylpenicillin,amoxicillin,0.18
benzylpenicillin,carbenicillin,0.17
benzylpenicillin,piperacillin,0.21
benzylpenicillin,amdinocillin,0.59
phenoxymethylpenicillin,meticillin,0.14
phenoxymethylpenicillin,dicloxacillin,0.17
phenoxymethylpenicillin,oxacillin,0.4
phenoxymethylpenicillin,ampicillin,0.18
phenoxymethylpenicillin,amoxicillin,0.18
phenoxymethylpenicillin,carbenicillin,0.16
phenoxymethylpenicillin,piperacillin,0.21
phenoxymethylpenicillin,amdinocillin,0.58
meticillin,dicloxacillin,0.05
meticillin,oxacillin,0.18
meticillin,ampicillin,0.12
meticillin,amoxicillin,0.15
meticillin,carbenicillin,0.14
meticillin,piperacillin,0.19
meticillin,amdinocillin,0.43
dicloxacillin,oxacillin,0.13
dicloxacillin,ampicillin,0.11
dicloxacillin,amoxicillin,0.16
dicloxacillin,carbenicillin,0.18
dicloxacillin,piperacillin,0.2
dicloxacillin,amdinocillin,0.48
oxacillin,ampicillin,0.31
oxacillin,amoxicillin,0.41
oxacillin,carbenicillin,0.44
oxacillin,piperacillin,0.52
oxacillin,amdinocillin,0.71
ampicillin,amoxicillin,0.04
ampicillin,carbenicillin,0.11
ampicillin,piperacillin,0.13
ampicillin,amdinocillin,0.31
amoxicillin,carbenicillin,0.1
amoxicillin,piperacillin,0.13
amoxicillin,amdinocillin,0.31
carbenicillin,piperacillin,0.08
carbenicillin,amdinocillin,0.32
piperacillin,amdinocillin,0.31
